accuracy,precision,recall,macro_f1,weighted_f1,mae,model,alpha
0.656259204712813,0.52955429673596,0.5789622260816405,0.5490274150145329,0.6671216480540565,0.39322533136966126,BERT-full-undersample,
0.6771723122238587,0.5631820604362717,0.5448952953918808,0.5471287145615364,0.6851323217260291,0.3508100147275405,BERT-full-weighted,
0.6833578792341679,0.5660338539450095,0.5687597569409085,0.5646890285453251,0.6917373482088922,0.3487481590574374,"Ensemble (BERT-full-undersample + BERT-full-weighted, alpha=0.5)",0.5
