{
  "accuracy": 0.4901325478645066,
  "precision": 0.2600809327754018,
  "recall": 0.26072205140906063,
  "macro_f1": 0.25251058028543205,
  "weighted_f1": 0.4682178934520609,
  "model_name": "bert_freeze_weighted_ce",
  "num_parameters": 109486085,
  "model_size_mb": 417.66,
  "total_inference_time_sec": 197.4294,
  "total_samples": 3395,
  "inference_time_per_sample_ms": 58.153
}