{
  "accuracy": 0.6630338733431517,
  "precision": 0.5579066826334891,
  "recall": 0.552515204374343,
  "macro_f1": 0.5474393114195202,
  "weighted_f1": 0.6765138108931981,
  "model_name": "bert_full_weighted_ce",
  "num_parameters": 109486085,
  "model_size_mb": 417.66,
  "total_inference_time_sec": 222.7269,
  "total_samples": 3395,
  "inference_time_per_sample_ms": 65.6044
}