{
  "accuracy": 0.6824742268041237,
  "precision": 0.5636115027955715,
  "recall": 0.5689800497267792,
  "macro_f1": 0.5645899858025742,
  "weighted_f1": 0.6890677906844818,
  "model_name": "bert_llrd_weighted_ce",
  "num_parameters": 109486085,
  "model_size_mb": 417.66,
  "total_inference_time_sec": 199.4831,
  "total_samples": 3395,
  "inference_time_per_sample_ms": 58.7579
}