{
  "accuracy": 0.6574374079528719,
  "precision": 0.5206589650571269,
  "recall": 0.5739966847460134,
  "macro_f1": 0.5390620220582836,
  "weighted_f1": 0.6646387574301726,
  "model_name": "bert_full_undersample_ce",
  "num_parameters": 109486085,
  "model_size_mb": 417.66,
  "total_inference_time_sec": 215.0663,
  "total_samples": 3395,
  "inference_time_per_sample_ms": 63.348
}