{
  "accuracy": 0.6073637702503681,
  "precision": 0.46231014216534155,
  "recall": 0.4947954032782299,
  "macro_f1": 0.4758409626031039,
  "weighted_f1": 0.618255650170638,
  "model_name": "bilstm_weighted_ce",
  "num_parameters": 3997701,
  "model_size_mb": 15.25,
  "total_inference_time_sec": 3.8936,
  "total_samples": 3395,
  "inference_time_per_sample_ms": 1.1469
}