{
  "accuracy": 0.6477172312223859,
  "precision": 0.49477279526030066,
  "recall": 0.5134063196368838,
  "macro_f1": 0.5021651124735784,
  "weighted_f1": 0.652531796108649,
  "model_name": "bilstm_attention_weighted_ce",
  "num_parameters": 3998213,
  "model_size_mb": 15.25,
  "total_inference_time_sec": 4.0137,
  "total_samples": 3395,
  "inference_time_per_sample_ms": 1.1822
}