{
  "accuracy": 0.5758468335787923,
  "precision": 0.38571073418443286,
  "recall": 0.41638745797690885,
  "macro_f1": 0.3881725196651068,
  "weighted_f1": 0.5652894076316028,
  "model_name": "bilstm_attention_undersample_ce",
  "num_parameters": 3166725,
  "model_size_mb": 12.08,
  "total_inference_time_sec": 3.8171,
  "total_samples": 3395,
  "inference_time_per_sample_ms": 1.1243
}