{
  "accuracy": 0.6592047128129602,
  "precision": 0.5509208744086989,
  "recall": 0.5433158093249251,
  "macro_f1": 0.5391988861143597,
  "weighted_f1": 0.6702907342428807,
  "model_name": "distilbert_full_weighted_ce",
  "num_parameters": 66366725,
  "model_size_mb": 253.17,
  "total_inference_time_sec": 75.0704,
  "total_samples": 3395,
  "inference_time_per_sample_ms": 22.1121
}