{
  "accuracy": 0.6294550810014727,
  "precision": 0.49030808177818413,
  "recall": 0.549481453071136,
  "macro_f1": 0.5113887340106826,
  "weighted_f1": 0.6409579522752864,
  "model_name": "distilbert_llrd_undersample_ce",
  "num_parameters": 66366725,
  "model_size_mb": 253.17,
  "total_inference_time_sec": 104.6275,
  "total_samples": 3395,
  "inference_time_per_sample_ms": 30.8181
}