{
  "accuracy": 0.6603829160530191,
  "precision": 0.5412880309623602,
  "recall": 0.5528247530629531,
  "macro_f1": 0.5427776842863918,
  "weighted_f1": 0.6713987183870798,
  "model_name": "distilbert_llrd_weighted_ce",
  "num_parameters": 66366725,
  "model_size_mb": 253.17,
  "total_inference_time_sec": 88.0205,
  "total_samples": 3395,
  "inference_time_per_sample_ms": 25.9265
}