model_family,checkpoint,accuracy,error_rate
bilstm,bilstm_weighted_ce,0.6524300441826215,0.3475699558173785
bilstm_attn,bilstm_attention_weighted_ce,0.635640648011782,0.364359351988218
distilbert,distilbert_full_weighted_ce,0.6706921944035346,0.32930780559646544
bert,bert_llrd_weighted_ce,0.6824742268041237,0.31752577319587627
