model_family,checkpoint,accuracy,mae,error_rate
bilstm,bilstm_weighted_ce,0.6524300441826215,0.4117820324005891,0.3475699558173785
bilstm_attn,bilstm_attention_weighted_ce,0.635640648011782,0.41502209131075113,0.364359351988218
distilbert,distilbert_full_weighted_ce,0.6706921944035346,0.3687776141384389,0.32930780559646544
bert,bert_llrd_weighted_ce,0.6824742268041237,0.35051546391752575,0.31752577319587627
