{
  "accuracy": 0.656259204712813,
  "precision": 0.52955429673596,
  "recall": 0.5789622260816405,
  "macro_f1": 0.5490274150145329,
  "weighted_f1": 0.6671216480540565,
  "model_name": "bert_full_undersample_ce",
  "num_parameters": 109486085,
  "model_size_mb": 417.66,
  "total_inference_time_sec": 22.8486,
  "total_samples": 3395,
  "inference_time_per_sample_ms": 6.7301
}