{
  "accuracy": 0.6771723122238587,
  "precision": 0.5631820604362717,
  "recall": 0.5448952953918808,
  "macro_f1": 0.5471287145615364,
  "weighted_f1": 0.6851323217260291,
  "model_name": "bert_full_weighted_ce",
  "num_parameters": 109486085,
  "model_size_mb": 417.66,
  "total_inference_time_sec": 22.856,
  "total_samples": 3395,
  "inference_time_per_sample_ms": 6.7322
}