{
  "accuracy": 0.6580265095729013,
  "precision": 0.5190356108473956,
  "recall": 0.5424413125302795,
  "macro_f1": 0.5247189770033712,
  "weighted_f1": 0.6614646813353877,
  "mae": 0.3882179675994109,
  "model_name": "bert_llrd_undersample_ce",
  "num_parameters": 109486085,
  "model_size_mb": 417.66,
  "total_inference_time_sec": 22.9244,
  "total_samples": 3395,
  "inference_time_per_sample_ms": 6.7524
}