{
  "accuracy": 0.5469808541973491,
  "precision": 0.4350820931282507,
  "recall": 0.4515031986031346,
  "macro_f1": 0.4353768974535123,
  "weighted_f1": 0.569192477905851,
  "mae": 0.5522827687776142,
  "model_name": "bilstm_attention_undersample_ce",
  "num_parameters": 3166725,
  "model_size_mb": 12.08,
  "total_inference_time_sec": 2.0146,
  "total_samples": 3395,
  "inference_time_per_sample_ms": 0.5934
}