{
  "accuracy": 0.6524300441826215,
  "precision": 0.49478007502515114,
  "recall": 0.47831879361819124,
  "macro_f1": 0.48540812703235314,
  "weighted_f1": 0.6511434870963887,
  "model_name": "bilstm_weighted_ce",
  "num_parameters": 3997701,
  "model_size_mb": 15.25,
  "total_inference_time_sec": 1.9459,
  "total_samples": 3395,
  "inference_time_per_sample_ms": 0.5732
}