{
  "accuracy": 0.5431516936671575,
  "precision": 0.37792591493491656,
  "recall": 0.4253499031711196,
  "macro_f1": 0.3825105471585097,
  "weighted_f1": 0.5543524012972504,
  "model_name": "bilstm_undersample_ce",
  "num_parameters": 3166213,
  "model_size_mb": 12.08,
  "total_inference_time_sec": 1.949,
  "total_samples": 3395,
  "inference_time_per_sample_ms": 0.5741
}