{
  "accuracy": 0.635640648011782,
  "precision": 0.5085455811081319,
  "recall": 0.48595464632318475,
  "macro_f1": 0.4920701384935252,
  "weighted_f1": 0.6420869174380418,
  "model_name": "bilstm_attention_weighted_ce",
  "num_parameters": 3998213,
  "model_size_mb": 15.25,
  "total_inference_time_sec": 1.9724,
  "total_samples": 3395,
  "inference_time_per_sample_ms": 0.581
}