{
  "accuracy": 0.6630338733431517,
  "precision": 0.5453134796639569,
  "recall": 0.5470311942546806,
  "macro_f1": 0.5409374242941645,
  "weighted_f1": 0.6732857691850651,
  "model_name": "distilbert_llrd_weighted_ce",
  "num_parameters": 66366725,
  "model_size_mb": 253.17,
  "total_inference_time_sec": 11.4753,
  "total_samples": 3395,
  "inference_time_per_sample_ms": 3.38
}