{
  "accuracy": 0.4309278350515464,
  "precision": 0.26343125585655547,
  "recall": 0.2353374516404251,
  "macro_f1": 0.1944477093805221,
  "weighted_f1": 0.40330057389613777,
  "mae": 0.9458026509572901,
  "model_name": "distilbert_freeze_undersample_ce",
  "num_parameters": 66366725,
  "model_size_mb": 253.17,
  "total_inference_time_sec": 11.4812,
  "total_samples": 3395,
  "inference_time_per_sample_ms": 3.3818
}