{
  "accuracy": 0.6306332842415316,
  "precision": 0.497130667260474,
  "recall": 0.5536816143325562,
  "macro_f1": 0.5181253345663203,
  "weighted_f1": 0.6432076923236666,
  "model_name": "distilbert_full_undersample_ce",
  "num_parameters": 66366725,
  "model_size_mb": 253.17,
  "total_inference_time_sec": 11.4758,
  "total_samples": 3395,
  "inference_time_per_sample_ms": 3.3802
}