{
  "accuracy": 0.6344624447717231,
  "precision": 0.4995552308953525,
  "recall": 0.5564693699600347,
  "macro_f1": 0.5204626473154408,
  "weighted_f1": 0.6472067323055022,
  "mae": 0.43151693667157587,
  "model_name": "distilbert_llrd_undersample_ce",
  "num_parameters": 66366725,
  "model_size_mb": 253.17,
  "total_inference_time_sec": 11.4946,
  "total_samples": 3395,
  "inference_time_per_sample_ms": 3.3857
}